{
  "results": [
    {
      "command": "./run-test.sh terragrunt.0.54.15",
      "mean": 2.50964944816,
      "stddev": 0.14374544688011062,
      "median": 2.51502617416,
      "user": 10.81467838,
      "system": 5.1591815400000005,
      "min": 2.3197338311599998,
      "max": 2.76217218716,
      "times": [
        2.38632824416,
        2.63334071116,
        2.76217218716,
        2.57969026916,
        2.61909408016,
        2.46534810516,
        2.3197338311599998,
        2.5647042431599996,
        2.35401743516,
        2.4120653751599996
      ],
      "exit_codes": [
        0,
        0,
        0,
        0,
        0,
        0,
        0,
        0,
        0,
        0
      ]
    },
    {
      "command": "./run-test.sh terragrunt.0.78.0",
      "mean": 2.1214925445199997,
      "stddev": 0.17663212885805482,
      "median": 2.11747827762,
      "user": 9.998053019999999,
      "system": 3.5086884599999992,
      "min": 1.92053392162,
      "max": 2.50745274662,
      "times": [
        2.11887121062,
        2.02943397562,
        1.92053392162,
        1.9386144296199999,
        1.97573793762,
        2.50745274662,
        2.13947091362,
        2.19944567062,
        2.26927929462,
        2.11608534462
      ],
      "exit_codes": [
        0,
        0,
        0,
        0,
        0,
        0,
        0,
        0,
        0,
        0
      ]
    },
    {
      "command": "./run-test.sh terragrunt.0.78.4",
      "mean": 1.99374943058,
      "stddev": 0.024728399555677124,
      "median": 1.9972565158800002,
      "user": 10.036812739999998,
      "system": 3.50948462,
      "min": 1.94922667538,
      "max": 2.03114021038,
      "times": [
        2.00122981438,
        1.9938175693800002,
        1.94922667538,
        1.9986262823800003,
        1.9631179123800002,
        1.9772217833800003,
        1.99588674938,
        2.00924575138,
        2.0179815573799997,
        2.03114021038
      ],
      "exit_codes": [
        0,
        0,
        0,
        0,
        0,
        0,
        0,
        0,
        0,
        0
      ]
    },
    {
      "command": "./run-test.sh terragrunt",
      "mean": 1.80865190544,
      "stddev": 0.16711867805161013,
      "median": 1.76700569304,
      "user": 8.19127656,
      "system": 2.5756131999999994,
      "min": 1.6350898885399998,
      "max": 2.1795826115400003,
      "times": [
        1.6350898885399998,
        1.6407747525399998,
        1.6870191245400001,
        1.71421744454,
        1.86485393254,
        2.1795826115400003,
        1.89846686454,
        1.93250304954,
        1.79629781354,
        1.73771357254
      ],
      "exit_codes": [
        0,
        0,
        0,
        0,
        0,
        0,
        0,
        0,
        0,
        0
      ]
    }
  ],
  "hyperfine-version": "null"
}
