{
  "results": [
    {
      "command": "./run-test.sh terragrunt.0.50.15",
      "mean": 2.5878762883399995,
      "stddev": 0.2755210710518048,
      "median": 2.53182847714,
      "user": 7.06327626,
      "system": 3.0835009799999997,
      "min": 2.25985201114,
      "max": 2.96737895514,
      "times": [
        2.4338385041399997,
        2.74648349414,
        2.53182847714,
        2.96737895514,
        2.25985201114
      ],
      "exit_codes": [
        0,
        0,
        0,
        0,
        0
      ]
    }
  ]
}
