{
  "results": [
    {
      "command": "./run-test.sh terragrunt.0.78.4",
      "mean": 1.99374943058,
      "stddev": 0.024728399555677124,
      "median": 1.9972565158800002,
      "user": 10.036812739999998,
      "system": 3.50948462,
      "min": 1.94922667538,
      "max": 2.03114021038,
      "times": [
        2.00122981438,
        1.9938175693800002,
        1.94922667538,
        1.9986262823800003,
        1.9631179123800002,
        1.9772217833800003,
        1.99588674938,
        2.00924575138,
        2.0179815573799997,
        2.03114021038
      ],
      "exit_codes": [
        0,
        0,
        0,
        0,
        0,
        0,
        0,
        0,
        0,
        0
      ]
    }
  ]
}
