{
  "results": [
    {
      "command": "./run-test.sh terragrunt.0.64.5",
      "mean": 2.0390312231000003,
      "stddev": 0.017113358125802718,
      "median": 2.0421397747000003,
      "user": 7.724124559999998,
      "system": 2.58468638,
      "min": 2.0206685787,
      "max": 2.0603107947000003,
      "times": [
        2.0493159447,
        2.0603107947000003,
        2.0421397747000003,
        2.0206685787,
        2.0227210227000003
      ],
      "exit_codes": [
        0,
        0,
        0,
        0,
        0
      ]
    }
  ]
}
