{
  "results": [
    {
      "command": "./run-test.sh terragrunt",
      "mean": 1.80865190544,
      "stddev": 0.16711867805161013,
      "median": 1.76700569304,
      "user": 8.19127656,
      "system": 2.5756131999999994,
      "min": 1.6350898885399998,
      "max": 2.1795826115400003,
      "times": [
        1.6350898885399998,
        1.6407747525399998,
        1.6870191245400001,
        1.71421744454,
        1.86485393254,
        2.1795826115400003,
        1.89846686454,
        1.93250304954,
        1.79629781354,
        1.73771357254
      ],
      "exit_codes": [
        0,
        0,
        0,
        0,
        0,
        0,
        0,
        0,
        0,
        0
      ]
    }
  ]
}
