{
  "results": [
    {
      "command": "./run-test.sh terragrunt-local-cache.sh",
      "mean": 1.7650874838799997,
      "stddev": 0.02492933750832327,
      "median": 1.7706318184799998,
      "user": 6.203441,
      "system": 2.48249432,
      "min": 1.73566142148,
      "max": 1.79434345748,
      "times": [
        1.7813595464799998,
        1.7706318184799998,
        1.7434411754799999,
        1.73566142148,
        1.79434345748
      ],
      "exit_codes": [
        0,
        0,
        0,
        0,
        0
      ]
    }
  ]
}
