{
  "results": [
    {
      "command": "./run-test.sh terragrunt.0.55.11",
      "mean": 2.8301744083799996,
      "stddev": 0.33070995087783606,
      "median": 2.69184133778,
      "user": 10.065108259999999,
      "system": 3.23269022,
      "min": 2.64970303378,
      "max": 3.42056475478,
      "times": [
        2.64970303378,
        2.69184133778,
        2.6815339097799997,
        2.70722900578,
        3.42056475478
      ],
      "exit_codes": [
        0,
        0,
        0,
        0,
        0
      ]
    }
  ]
}
