{
  "results": [
    {
      "command": "./run-test.sh terragrunt.0.50.16",
      "mean": 2.14560019108,
      "stddev": 0.044928046551200536,
      "median": 2.12639615268,
      "user": 7.05181118,
      "system": 3.0800240199999998,
      "min": 2.09411542868,
      "max": 2.1972639746800002,
      "times": [
        2.18831299668,
        2.1972639746800002,
        2.12639615268,
        2.09411542868,
        2.12191240268
      ],
      "exit_codes": [
        0,
        0,
        0,
        0,
        0
      ]
    }
  ]
}
