{
  "results": [
    {
      "command": "./run-test.sh terragrunt.0.51.7",
      "mean": 2.1525993854,
      "stddev": 0.028369641289901926,
      "median": 2.1466968758,
      "user": 7.134002079999999,
      "system": 3.06228474,
      "min": 2.1202552388,
      "max": 2.1958525488,
      "times": [
        2.1388046738,
        2.1202552388,
        2.1958525488,
        2.1613875898,
        2.1466968758
      ],
      "exit_codes": [
        0,
        0,
        0,
        0,
        0
      ]
    }
  ]
}
