{
  "results": [
    {
      "command": "./run-test.sh terragrunt.0.50.14",
      "mean": 2.2199990657000006,
      "stddev": 0.029916879164554443,
      "median": 2.2177301457,
      "user": 6.9058832,
      "system": 3.0869177799999994,
      "min": 2.1855603887,
      "max": 2.2604207247,
      "times": [
        2.2604207247,
        2.2177301457,
        2.2374824137,
        2.1855603887,
        2.1988016557
      ],
      "exit_codes": [
        0,
        0,
        0,
        0,
        0
      ]
    }
  ]
}
