{
  "results": [
    {
      "command": "./run-test.sh terragrunt.0.54.15",
      "mean": 2.50964944816,
      "stddev": 0.14374544688011062,
      "median": 2.51502617416,
      "user": 10.81467838,
      "system": 5.1591815400000005,
      "min": 2.3197338311599998,
      "max": 2.76217218716,
      "times": [
        2.38632824416,
        2.63334071116,
        2.76217218716,
        2.57969026916,
        2.61909408016,
        2.46534810516,
        2.3197338311599998,
        2.5647042431599996,
        2.35401743516,
        2.4120653751599996
      ],
      "exit_codes": [
        0,
        0,
        0,
        0,
        0,
        0,
        0,
        0,
        0,
        0
      ]
    }
  ]
}
