{
  "results": [
    {
      "command": "./run-test.sh terragrunt.0.78.0",
      "mean": 2.1214925445199997,
      "stddev": 0.17663212885805482,
      "median": 2.11747827762,
      "user": 9.998053019999999,
      "system": 3.5086884599999992,
      "min": 1.92053392162,
      "max": 2.50745274662,
      "times": [
        2.11887121062,
        2.02943397562,
        1.92053392162,
        1.9386144296199999,
        1.97573793762,
        2.50745274662,
        2.13947091362,
        2.19944567062,
        2.26927929462,
        2.11608534462
      ],
      "exit_codes": [
        0,
        0,
        0,
        0,
        0,
        0,
        0,
        0,
        0,
        0
      ]
    }
  ]
}
