{
  "results": [
    {
      "command": "./run-test.sh terragrunt.0.43.3",
      "mean": 2.32357973586,
      "stddev": 0.04867161999315903,
      "median": 2.32159571166,
      "user": 6.974028199999999,
      "system": 3.0644688799999997,
      "min": 2.25349105066,
      "max": 2.38849898166,
      "times": [
        2.31452215466,
        2.32159571166,
        2.33979078066,
        2.38849898166,
        2.25349105066
      ],
      "exit_codes": [
        0,
        0,
        0,
        0,
        0
      ]
    }
  ]
}
