{
  "results": [
    {
      "command": "./run-test.sh terragrunt.0.50.13",
      "mean": 2.39103000192,
      "stddev": 0.12928522937275605,
      "median": 2.36063103572,
      "user": 6.914932259999999,
      "system": 3.1157356399999996,
      "min": 2.29651036472,
      "max": 2.61075269672,
      "times": [
        2.3896097607200004,
        2.36063103572,
        2.29764615172,
        2.29651036472,
        2.61075269672
      ],
      "exit_codes": [
        0,
        0,
        0,
        0,
        0
      ]
    }
  ]
}
