{
  "results": [
    {
      "command": "./run-test.sh terragrunt.0.63.5",
      "mean": 2.0277916279,
      "stddev": 0.035063783525589205,
      "median": 2.0244154511,
      "user": 7.5889814200000005,
      "system": 2.57931056,
      "min": 1.9908820151,
      "max": 2.0787086911,
      "times": [
        2.0436313481,
        1.9908820151,
        2.0787086911,
        2.0013206341,
        2.0244154511
      ],
      "exit_codes": [
        0,
        0,
        0,
        0,
        0
      ]
    }
  ]
}
