{
  "results": [
    {
      "command": "./run-test.sh terragrunt.0.53.6",
      "mean": 2.19169341776,
      "stddev": 0.02475001916113467,
      "median": 2.18116545116,
      "user": 7.13933394,
      "system": 3.08471014,
      "min": 2.17649580316,
      "max": 2.23535542016,
      "times": [
        2.17649580316,
        2.18116545116,
        2.18726504016,
        2.17818537416,
        2.23535542016
      ],
      "exit_codes": [
        0,
        0,
        0,
        0,
        0
      ]
    }
  ]
}
