{
  "results": [
    {
      "command": "./run-test.sh terragrunt",
      "mean": 1.77142764582,
      "stddev": 0.02080420605045994,
      "median": 1.78223769102,
      "user": 6.10007356,
      "system": 2.54422064,
      "min": 1.74507797102,
      "max": 1.7929431040200001,
      "times": [
        1.78223769102,
        1.74507797102,
        1.7536186770200002,
        1.78326078602,
        1.7929431040200001
      ],
      "exit_codes": [
        0,
        0,
        0,
        0,
        0
      ]
    }
  ]
}
