{
  "results": [
    {
      "command": "./run-test.sh terragrunt.0.55.2",
      "mean": 2.1910786873599997,
      "stddev": 0.019702489929336122,
      "median": 2.1837979491599997,
      "user": 7.280055419999999,
      "system": 3.0450258999999997,
      "min": 2.1737552561599998,
      "max": 2.21596956416,
      "times": [
        2.20796538316,
        2.21596956416,
        2.17390528416,
        2.1837979491599997,
        2.1737552561599998
      ],
      "exit_codes": [
        0,
        0,
        0,
        0,
        0
      ]
    }
  ]
}
